price,time,temp,wind,hour,dayofweek,month
22.663,2026-01-30 23:00:00,-18.5,7.2,23,4,1
20.13,2026-01-31 00:00:00,-18.2,7.2,0,5,1
18.951,2026-01-31 01:00:00,-18.7,8.3,1,5,1
18.825,2026-01-31 02:00:00,-19.2,7.9,2,5,1
19.077,2026-01-31 03:00:00,-19.2,7.9,3,5,1
20.468,2026-01-31 04:00:00,-19.8,7.9,4,5,1
20.983,2026-01-31 05:00:00,-20.9,7.2,5,5,1
18.953,2026-01-31 06:00:00,-20.7,6.8,6,5,1
21.597,2026-01-31 07:00:00,-21.1,7.9,7,5,1
20.331,2026-01-31 08:00:00,-20.8,8.3,8,5,1
21.524,2026-01-31 09:00:00,-19.5,7.9,9,5,1
21.172,2026-01-31 10:00:00,-17.8,6.5,10,5,1
22.436,2026-01-31 11:00:00,-16.4,5.4,11,5,1
23.172,2026-01-31 12:00:00,-15.7,4.7,12,5,1
22.682,2026-01-31 13:00:00,-15.6,5.4,13,5,1
23.301,2026-01-31 14:00:00,-16.1,7.2,14,5,1
23.28,2026-01-31 15:00:00,-16.6,8.3,15,5,1
20.468,2026-01-31 16:00:00,-17.0,8.6,16,5,1
17.834,2026-01-31 17:00:00,-17.2,9.0,17,5,1
17.22,2026-01-31 18:00:00,-17.5,9.0,18,5,1
15.816,2026-01-31 19:00:00,-17.7,7.9,19,5,1
14.67,2026-01-31 20:00:00,-18.0,7.6,20,5,1
13.15,2026-01-31 21:00:00,-18.2,6.5,21,5,1
11.162,2026-01-31 22:00:00,-18.4,5.4,22,5,1
6.585,2026-01-31 23:00:00,-18.9,5.4,23,5,1
6.598,2026-02-01 00:00:00,-20.0,6.5,0,6,2
6.667,2026-02-01 01:00:00,-20.6,6.1,1,6,2
6.679,2026-02-01 02:00:00,-21.2,7.6,2,6,2
7.193,2026-02-01 03:00:00,-21.8,8.3,3,6,2
7.959,2026-02-01 04:00:00,-22.1,7.9,4,6,2
8.276,2026-02-01 05:00:00,-21.9,7.9,5,6,2
9.849,2026-02-01 06:00:00,-22.0,7.6,6,6,2
12.293,2026-02-01 07:00:00,-22.5,7.6,7,6,2
11.651,2026-02-01 08:00:00,-22.2,7.6,8,6,2
14.32,2026-02-01 09:00:00,-20.9,7.2,9,6,2
12.756,2026-02-01 10:00:00,-19.2,6.1,10,6,2
13.276,2026-02-01 11:00:00,-17.9,6.5,11,6,2
13.942,2026-02-01 12:00:00,-17.1,7.2,12,6,2
14.619,2026-02-01 13:00:00,-17.1,6.8,13,6,2
16.314,2026-02-01 14:00:00,-17.7,7.2,14,6,2
17.084,2026-02-01 15:00:00,-19.4,8.6,15,6,2
16.603,2026-02-01 16:00:00,-20.7,9.0,16,6,2
16.494,2026-02-01 17:00:00,-21.5,8.3,17,6,2
16.314,2026-02-01 18:00:00,-22.2,7.9,18,6,2
15.878,2026-02-01 19:00:00,-22.6,8.3,19,6,2
16.787,2026-02-01 20:00:00,-22.9,8.3,20,6,2
15.592,2026-02-01 21:00:00,-23.1,8.3,21,6,2
14.045,2026-02-01 22:00:00,-23.2,9.0,22,6,2
12.172,2026-02-01 23:00:00,-21.5,10.4,23,6,2
11.797,2026-02-02 00:00:00,-21.6,11.2,0,0,2
14.105,2026-02-02 01:00:00,-21.8,12.2,1,0,2
15.911,2026-02-02 02:00:00,-22.1,13.3,2,0,2
17.584,2026-02-02 03:00:00,-22.0,13.7,3,0,2
32.654,2026-02-02 04:00:00,-22.2,14.0,4,0,2
49.416,2026-02-02 05:00:00,-22.4,14.4,5,0,2
51.056,2026-02-02 06:00:00,-22.8,14.8,6,0,2
55.132,2026-02-02 07:00:00,-22.4,15.1,7,0,2
55.389,2026-02-02 08:00:00,-21.8,16.2,8,0,2
53.221,2026-02-02 09:00:00,-20.9,16.6,9,0,2
55.953,2026-02-02 10:00:00,-19.5,16.2,10,0,2
55.358,2026-02-02 11:00:00,-17.9,17.3,11,0,2
51.068,2026-02-02 12:00:00,-17.5,17.3,12,0,2
51.023,2026-02-02 13:00:00,-16.8,18.4,13,0,2
50.968,2026-02-02 14:00:00,-17.0,18.0,14,0,2
49.32,2026-02-02 15:00:00,-17.1,19.1,15,0,2
43.733,2026-02-02 16:00:00,-17.1,19.1,16,0,2
48.147,2026-02-02 17:00:00,-17.3,19.1,17,0,2
43.343,2026-02-02 18:00:00,-17.4,18.4,18,0,2
30.364,2026-02-02 19:00:00,-17.6,17.6,19,0,2
28.218,2026-02-02 20:00:00,-17.9,16.6,20,0,2
25.602,2026-02-02 21:00:00,-18.0,15.8,21,0,2
22.651,2026-02-02 22:00:00,-18.3,15.5,22,0,2
21.728,2026-02-02 23:00:00,-18.7,15.1,23,0,2
18.825,2026-02-03 00:00:00,-19.0,14.4,0,1,2
18.825,2026-02-03 01:00:00,-19.3,14.8,1,1,2
18.825,2026-02-03 02:00:00,-19.6,14.0,2,1,2
26.367,2026-02-03 03:00:00,-19.8,13.3,3,1,2
41.188,2026-02-03 04:00:00,-20.1,13.3,4,1,2
60.289,2026-02-03 05:00:00,-20.2,12.6,5,1,2
60.163,2026-02-03 06:00:00,-20.3,12.2,6,1,2
60.04,2026-02-03 07:00:00,-20.5,12.2,7,1,2
57.534,2026-02-03 08:00:00,-19.7,12.2,8,1,2
59.993,2026-02-03 09:00:00,-18.4,12.2,9,1,2
55.498,2026-02-03 10:00:00,-16.9,11.5,10,1,2
61.436,2026-02-03 11:00:00,-15.4,11.9,11,1,2
56.111,2026-02-03 12:00:00,-13.9,11.9,12,1,2
60.748,2026-02-03 13:00:00,-13.1,11.2,13,1,2
62.316,2026-02-03 14:00:00,-13.4,9.4,14,1,2
77.045,2026-02-03 15:00:00,-14.5,10.1,15,1,2
61.725,2026-02-03 16:00:00,-15.6,11.9,16,1,2
61.946,2026-02-03 17:00:00,-16.5,11.2,17,1,2
61.394,2026-02-03 18:00:00,-17.1,10.8,18,1,2
50.385,2026-02-03 19:00:00,-17.4,9.7,19,1,2
41.052,2026-02-03 20:00:00,-17.6,9.4,20,1,2
47.274,2026-02-03 21:00:00,-17.2,10.4,21,1,2
33.649,2026-02-03 22:00:00,-17.2,10.8,22,1,2
24.183,2026-02-03 23:00:00,-14.9,13.3,23,1,2
20.983,2026-02-04 00:00:00,-15.2,13.3,0,2,2
18.825,2026-02-04 01:00:00,-15.4,13.0,1,2,2
20.046,2026-02-04 02:00:00,-15.5,12.2,2,2,2
22.262,2026-02-04 03:00:00,-15.4,12.2,3,2,2
31.207,2026-02-04 04:00:00,-15.6,11.9,4,2,2
37.65,2026-02-04 05:00:00,-15.4,12.6,5,2,2
40.123,2026-02-04 06:00:00,-15.4,11.9,6,2,2
38.369,2026-02-04 07:00:00,-15.0,11.9,7,2,2
38.193,2026-02-04 08:00:00,-14.8,11.9,8,2,2
30.551,2026-02-04 09:00:00,-14.4,10.4,9,2,2
29.073,2026-02-04 10:00:00,-13.8,9.7,10,2,2
28.968,2026-02-04 11:00:00,-13.3,9.0,11,2,2
29.861,2026-02-04 12:00:00,-13.2,9.0,12,2,2
23.503,2026-02-04 13:00:00,-13.4,9.4,13,2,2
21.8,2026-02-04 14:00:00,-13.8,9.4,14,2,2
22.588,2026-02-04 15:00:00,-14.5,8.6,15,2,2
23.807,2026-02-04 16:00:00,-15.4,8.3,16,2,2
21.235,2026-02-04 17:00:00,-16.1,7.9,17,2,2
19.03,2026-02-04 18:00:00,-16.7,8.3,18,2,2
16.069,2026-02-04 19:00:00,-17.2,7.6,19,2,2
17.57,2026-02-04 20:00:00,-17.5,6.5,20,2,2
13.485,2026-02-04 21:00:00,-17.8,5.0,21,2,2
10.962,2026-02-04 22:00:00,-18.1,4.0,22,2,2
12.55,2026-02-04 23:00:00,-18.3,2.5,23,2,2
11.314,2026-02-05 00:00:00,-18.5,3.2,0,3,2
11.245,2026-02-05 01:00:00,-18.7,2.9,1,3,2
11.546,2026-02-05 02:00:00,-18.9,2.9,2,3,2
12.123,2026-02-05 03:00:00,-19.0,1.1,3,3,2
14.56,2026-02-05 04:00:00,-19.1,1.4,4,3,2
16.976,2026-02-05 05:00:00,-18.8,1.1,5,3,2
20.079,2026-02-05 06:00:00,-18.8,1.1,6,3,2
25.03,2026-02-05 07:00:00,-18.8,0.7,7,3,2
25.136,2026-02-05 08:00:00,-18.1,1.4,8,3,2
25.099,2026-02-05 09:00:00,-16.6,1.8,9,3,2
26.848,2026-02-05 10:00:00,-14.9,2.9,10,3,2
27.38,2026-02-05 11:00:00,-13.6,1.1,11,3,2
27.117,2026-02-05 12:00:00,-12.9,2.9,12,3,2
25.238,2026-02-05 13:00:00,-12.9,3.6,13,3,2
25.1,2026-02-05 14:00:00,-13.5,3.2,14,3,2
27.359,2026-02-05 15:00:00,-14.4,5.0,15,3,2
25.1,2026-02-05 16:00:00,-15.4,4.7,16,3,2
25.691,2026-02-05 17:00:00,-16.3,4.7,17,3,2
25.1,2026-02-05 18:00:00,-17.0,4.0,18,3,2
17.609,2026-02-05 19:00:00,-17.6,5.0,19,3,2
17.888,2026-02-05 20:00:00,-18.2,4.0,20,3,2
18.081,2026-02-05 21:00:00,-18.5,4.7,21,3,2
14.336,2026-02-05 22:00:00,-19.0,6.8,22,3,2
17.151,2026-02-05 23:00:00,-16.3,9.0,23,3,2
15.55,2026-02-06 00:00:00,-16.1,7.6,0,4,2
13.289,2026-02-06 01:00:00,-15.8,6.1,1,4,2
15.057,2026-02-06 02:00:00,-15.4,6.5,2,4,2
18.34,2026-02-06 03:00:00,-16.0,7.6,3,4,2
27.114,2026-02-06 04:00:00,-16.1,8.3,4,4,2
33.483,2026-02-06 05:00:00,-16.3,9.4,5,4,2
36.821,2026-02-06 06:00:00,-16.5,7.6,6,4,2
43.333,2026-02-06 07:00:00,-17.0,7.9,7,4,2
41.367,2026-02-06 08:00:00,-17.3,8.3,8,4,2
35.209,2026-02-06 09:00:00,-16.7,7.9,9,4,2
36.071,2026-02-06 10:00:00,-16.0,7.6,10,4,2
29.294,2026-02-06 11:00:00,-14.9,7.6,11,4,2
26.683,2026-02-06 12:00:00,-14.1,6.1,12,4,2
22.462,2026-02-06 13:00:00,-13.7,7.2,13,4,2
21.509,2026-02-06 14:00:00,-13.8,8.6,14,4,2
24.082,2026-02-06 15:00:00,-14.7,9.0,15,4,2
24.966,2026-02-06 16:00:00,-15.4,7.9,16,4,2
23.581,2026-02-06 17:00:00,-16.3,7.2,17,4,2
23.024,2026-02-06 18:00:00,-16.8,6.8,18,4,2
19.878,2026-02-06 19:00:00,-17.4,7.2,19,4,2
17.434,2026-02-06 20:00:00,-18.3,7.2,20,4,2
18.817,2026-02-06 21:00:00,-18.9,7.6,21,4,2
15.081,2026-02-06 22:00:00,-19.3,7.6,22,4,2
17.015,2026-02-06 23:00:00,-19.6,7.9,23,4,2
15.06,2026-02-07 00:00:00,-19.9,7.2,0,5,2
13.726,2026-02-07 01:00:00,-20.2,8.6,1,5,2
14.018,2026-02-07 02:00:00,-20.4,9.7,2,5,2
13.987,2026-02-07 03:00:00,-20.4,10.1,3,5,2
15.059,2026-02-07 04:00:00,-20.3,9.4,4,5,2
14.332,2026-02-07 05:00:00,-20.0,8.3,5,5,2
16.66,2026-02-07 06:00:00,-20.0,7.6,6,5,2
15.75,2026-02-07 07:00:00,-19.9,7.9,7,5,2
15.059,2026-02-07 08:00:00,-19.3,8.6,8,5,2
15.231,2026-02-07 09:00:00,-17.2,10.1,9,5,2
15.529,2026-02-07 10:00:00,-15.5,11.9,10,5,2
15.368,2026-02-07 11:00:00,-13.7,11.9,11,5,2
15.413,2026-02-07 12:00:00,-12.8,12.2,12,5,2
15.678,2026-02-07 13:00:00,-13.0,13.3,13,5,2
15.059,2026-02-07 14:00:00,-13.5,13.0,14,5,2
16.817,2026-02-07 15:00:00,-14.3,13.3,15,5,2
17.203,2026-02-07 16:00:00,-14.9,13.0,16,5,2
17.188,2026-02-07 17:00:00,-15.4,13.3,17,5,2
16.16,2026-02-07 18:00:00,-15.9,12.6,18,5,2
15.059,2026-02-07 19:00:00,-16.4,12.2,19,5,2
16.869,2026-02-07 20:00:00,-16.8,11.9,20,5,2
14.882,2026-02-07 21:00:00,-17.2,12.2,21,5,2
14.333,2026-02-07 22:00:00,-17.7,12.2,22,5,2
15.907,2026-02-07 23:00:00,-10.7,10.4,23,5,2
16.314,2026-02-08 00:00:00,-11.3,9.7,0,6,2
15.155,2026-02-08 01:00:00,-11.8,9.0,1,6,2
14.263,2026-02-08 02:00:00,-12.4,9.0,2,6,2
13.806,2026-02-08 03:00:00,-13.3,9.0,3,6,2
15.134,2026-02-08 04:00:00,-14.1,7.9,4,6,2
15.059,2026-02-08 05:00:00,-14.6,7.2,5,6,2
14.07,2026-02-08 06:00:00,-14.8,7.6,6,6,2
15.061,2026-02-08 07:00:00,-15.1,7.2,7,6,2
15.059,2026-02-08 08:00:00,-14.8,6.5,8,6,2
15.361,2026-02-08 09:00:00,-14.1,7.2,9,6,2
14.333,2026-02-08 10:00:00,-13.2,6.8,10,6,2
13.935,2026-02-08 11:00:00,-12.1,5.4,11,6,2
13.177,2026-02-08 12:00:00,-10.7,6.1,12,6,2
13.177,2026-02-08 13:00:00,-10.3,7.9,13,6,2
13.561,2026-02-08 14:00:00,-10.6,8.3,14,6,2
14.413,2026-02-08 15:00:00,-11.2,9.0,15,6,2
16.224,2026-02-08 16:00:00,-11.4,6.8,16,6,2
16.656,2026-02-08 17:00:00,-12.2,6.1,17,6,2
16.034,2026-02-08 18:00:00,-12.8,7.6,18,6,2
14.274,2026-02-08 19:00:00,-12.8,6.5,19,6,2
13.614,2026-02-08 20:00:00,-12.6,6.5,20,6,2
13.185,2026-02-08 21:00:00,-11.7,10.8,21,6,2
12.398,2026-02-08 22:00:00,-10.7,11.9,22,6,2
12.412,2026-02-08 23:00:00,-10.0,12.2,23,6,2
12.267,2026-02-09 00:00:00,-9.6,10.8,0,0,2
12.283,2026-02-09 01:00:00,-9.5,11.2,1,0,2
12.274,2026-02-09 02:00:00,-9.1,13.0,2,0,2
12.343,2026-02-09 03:00:00,-8.5,13.0,3,0,2
13.189,2026-02-09 04:00:00,-8.1,13.0,4,0,2
16.919,2026-02-09 05:00:00,-7.8,12.2,5,0,2
20.796,2026-02-09 06:00:00,-7.5,11.5,6,0,2
23.587,2026-02-09 07:00:00,-7.3,10.4,7,0,2
26.667,2026-02-09 08:00:00,-7.3,13.0,8,0,2
27.743,2026-02-09 09:00:00,-6.7,16.2,9,0,2
23.843,2026-02-09 10:00:00,-6.0,16.2,10,0,2
29.036,2026-02-09 11:00:00,-5.5,15.1,11,0,2
29.468,2026-02-09 12:00:00,-5.0,14.0,12,0,2
28.1,2026-02-09 13:00:00,-5.0,12.6,13,0,2
28.986,2026-02-09 14:00:00,-4.9,12.2,14,0,2
29.979,2026-02-09 15:00:00,-4.9,11.9,15,0,2
30.499,2026-02-09 16:00:00,-4.7,11.5,16,0,2
27.409,2026-02-09 17:00:00,-4.6,11.5,17,0,2
25.109,2026-02-09 18:00:00,-4.2,11.5,18,0,2
18.752,2026-02-09 19:00:00,-4.3,11.2,19,0,2
17.361,2026-02-09 20:00:00,-4.5,9.7,20,0,2
15.843,2026-02-09 21:00:00,-4.7,7.6,21,0,2
14.165,2026-02-09 22:00:00,-5.0,8.6,22,0,2
16.619,2026-02-11 23:00:00,-8.5,8.6,23,2,2
14.721,2026-02-12 00:00:00,-8.7,8.6,0,3,2
13.863,2026-02-12 01:00:00,-8.9,8.6,1,3,2
12.678,2026-02-12 02:00:00,-9.1,8.6,2,3,2
14.91,2026-02-12 03:00:00,-9.5,8.6,3,3,2
18.201,2026-02-12 04:00:00,-9.9,9.4,4,3,2
23.049,2026-02-12 05:00:00,-10.0,8.6,5,3,2
24.289,2026-02-12 06:00:00,-10.2,9.4,6,3,2
26.044,2026-02-12 07:00:00,-10.3,9.0,7,3,2
26.605,2026-02-12 08:00:00,-10.2,9.0,8,3,2
25.326,2026-02-12 09:00:00,-10.1,9.0,9,3,2
23.842,2026-02-12 10:00:00,-9.5,8.6,10,3,2
25.477,2026-02-12 11:00:00,-9.2,8.6,11,3,2
25.098,2026-02-12 12:00:00,-9.2,8.6,12,3,2
24.247,2026-02-12 13:00:00,-9.2,8.6,13,3,2
24.233,2026-02-12 14:00:00,-9.6,8.6,14,3,2
28.858,2026-02-12 15:00:00,-9.9,9.7,15,3,2
26.943,2026-02-12 16:00:00,-10.2,10.4,16,3,2
26.36,2026-02-12 17:00:00,-10.7,11.2,17,3,2
22.898,2026-02-12 18:00:00,-11.2,10.8,18,3,2
18.824,2026-02-12 19:00:00,-11.9,9.7,19,3,2
17.318,2026-02-12 20:00:00,-12.9,9.4,20,3,2
15.514,2026-02-12 21:00:00,-14.0,9.0,21,3,2
13.997,2026-02-12 22:00:00,-15.0,10.1,22,3,2
16.793,2026-02-12 23:00:00,-15.7,9.4,23,3,2
16.793,2026-02-12 23:00:00,-15.6,9.7,23,3,2
13.886,2026-02-13 00:00:00,-16.4,8.6,0,4,2
13.886,2026-02-13 00:00:00,-16.4,8.3,0,4,2
13.27,2026-02-13 01:00:00,-17.1,8.6,1,4,2
13.27,2026-02-13 01:00:00,-17.2,9.0,1,4,2
12.38,2026-02-13 02:00:00,-17.7,9.0,2,4,2
12.38,2026-02-13 02:00:00,-17.7,8.6,2,4,2
13.682,2026-02-13 03:00:00,-18.0,8.6,3,4,2
13.682,2026-02-13 03:00:00,-18.1,9.0,3,4,2
19.163,2026-02-13 04:00:00,-18.3,8.6,4,4,2
19.163,2026-02-13 04:00:00,-17.7,9.0,4,4,2
22.111,2026-02-13 05:00:00,-17.8,9.0,5,4,2
22.111,2026-02-13 05:00:00,-18.2,8.6,5,4,2
23.606,2026-02-13 06:00:00,-17.9,8.3,6,4,2
23.606,2026-02-13 06:00:00,-18.3,8.3,6,4,2
22.908,2026-02-13 07:00:00,-18.1,8.6,7,4,2
22.908,2026-02-13 07:00:00,-18.0,7.9,7,4,2
22.536,2026-02-13 08:00:00,-16.8,8.3,8,4,2
22.536,2026-02-13 08:00:00,-17.6,9.0,8,4,2
21.513,2026-02-13 09:00:00,-16.4,8.3,9,4,2
21.513,2026-02-13 09:00:00,-14.9,8.6,9,4,2
20.16,2026-02-13 10:00:00,-15.2,7.6,10,4,2
20.16,2026-02-13 10:00:00,-13.2,9.0,10,4,2
21.094,2026-02-13 11:00:00,-12.1,9.0,11,4,2
21.094,2026-02-13 11:00:00,-14.1,7.9,11,4,2
19.127,2026-02-13 12:00:00,-13.2,8.6,12,4,2
19.127,2026-02-13 12:00:00,-11.3,10.8,12,4,2
18.825,2026-02-13 13:00:00,-12.6,9.0,13,4,2
18.825,2026-02-13 13:00:00,-11.0,11.2,13,4,2
19.103,2026-02-13 14:00:00,-11.4,11.5,14,4,2
19.103,2026-02-13 14:00:00,-13.0,9.7,14,4,2
21.947,2026-02-13 15:00:00,-13.6,10.1,15,4,2
21.947,2026-02-13 15:00:00,-12.4,11.9,15,4,2
24.375,2026-02-13 16:00:00,-14.4,10.8,16,4,2
24.375,2026-02-13 16:00:00,-13.4,12.6,16,4,2
22.283,2026-02-13 17:00:00,-15.7,11.2,17,4,2
22.283,2026-02-13 17:00:00,-14.3,13.3,17,4,2
18.597,2026-02-13 18:00:00,-16.5,10.8,18,4,2
18.597,2026-02-13 18:00:00,-14.6,13.0,18,4,2
16.395,2026-02-13 19:00:00,-17.2,10.1,19,4,2
16.395,2026-02-13 19:00:00,-14.7,12.2,19,4,2
15.134,2026-02-13 20:00:00,-17.9,9.4,20,4,2
15.134,2026-02-13 20:00:00,-14.8,12.2,20,4,2
14.243,2026-02-13 21:00:00,-15.2,12.2,21,4,2
14.243,2026-02-13 21:00:00,-18.5,8.6,21,4,2
13.271,2026-02-13 22:00:00,-19.2,9.0,22,4,2
13.271,2026-02-13 22:00:00,-15.7,11.5,22,4,2
13.795,2026-02-13 23:00:00,-19.6,9.7,23,4,2
13.169,2026-02-14 00:00:00,-20.1,10.1,0,5,2
13.065,2026-02-14 01:00:00,-20.6,10.8,1,5,2
12.975,2026-02-14 02:00:00,-21.3,10.1,2,5,2
12.955,2026-02-14 03:00:00,-21.6,11.5,3,5,2
12.678,2026-02-14 04:00:00,-22.0,11.2,4,5,2
13.049,2026-02-14 05:00:00,-22.2,11.2,5,5,2
13.846,2026-02-14 06:00:00,-22.4,10.4,6,5,2
16.435,2026-02-14 07:00:00,-22.3,9.7,7,5,2
17.472,2026-02-14 08:00:00,-21.6,9.4,8,5,2
15.896,2026-02-14 09:00:00,-20.2,9.4,9,5,2
14.946,2026-02-14 10:00:00,-18.5,9.0,10,5,2
14.754,2026-02-14 11:00:00,-17.0,9.0,11,5,2
15.816,2026-02-14 12:00:00,-15.9,8.6,12,5,2
15.06,2026-02-14 13:00:00,-15.4,7.9,13,5,2
14.19,2026-02-14 14:00:00,-15.8,7.2,14,5,2
17.303,2026-02-14 15:00:00,-16.8,5.4,15,5,2
18.973,2026-02-14 16:00:00,-17.5,2.2,16,5,2
18.441,2026-02-14 17:00:00,-18.2,4.0,17,5,2
17.171,2026-02-14 18:00:00,-18.3,2.5,18,5,2
16.099,2026-02-14 19:00:00,-18.0,3.2,19,5,2
15.259,2026-02-14 20:00:00,-18.5,5.4,20,5,2
14.341,2026-02-14 21:00:00,-19.1,7.2,21,5,2
13.1,2026-02-14 22:00:00,-19.2,7.2,22,5,2
13.023,2026-02-14 23:00:00,-16.1,7.6,23,5,2
12.951,2026-02-15 00:00:00,-17.7,7.2,0,6,2
12.688,2026-02-15 01:00:00,-17.7,7.2,1,6,2
12.384,2026-02-15 02:00:00,-18.3,7.6,2,6,2
12.241,2026-02-15 03:00:00,-18.2,6.5,3,6,2
12.076,2026-02-15 04:00:00,-18.4,6.1,4,6,2
12.125,2026-02-15 05:00:00,-19.4,6.5,5,6,2
14.002,2026-02-15 06:00:00,-18.0,6.5,6,6,2
12.392,2026-02-15 07:00:00,-16.9,7.9,7,6,2
13.344,2026-02-15 08:00:00,-15.5,4.7,8,6,2
15.061,2026-02-15 09:00:00,-14.0,6.8,9,6,2
13.433,2026-02-15 10:00:00,-12.9,6.5,10,6,2
13.104,2026-02-15 11:00:00,-11.7,7.2,11,6,2
14.634,2026-02-15 12:00:00,-10.8,7.2,12,6,2
13.82,2026-02-15 13:00:00,-10.1,7.9,13,6,2
12.11,2026-02-15 14:00:00,-9.8,5.8,14,6,2
10.826,2026-02-15 15:00:00,-9.2,6.5,15,6,2
12.6,2026-02-15 16:00:00,-9.0,8.3,16,6,2
11.393,2026-02-15 17:00:00,-8.9,6.8,17,6,2
8.17,2026-02-15 18:00:00,-9.1,5.8,18,6,2
7.359,2026-02-15 19:00:00,-9.8,6.1,19,6,2
7.91,2026-02-15 20:00:00,-10.4,4.0,20,6,2
6.72,2026-02-15 21:00:00,-10.4,2.9,21,6,2
5.444,2026-02-15 22:00:00,-10.5,2.9,22,6,2
8.568,2026-02-15 23:00:00,-10.7,4.7,23,6,2
6.677,2026-02-16 00:00:00,-11.1,4.0,0,0,2
5.592,2026-02-16 01:00:00,-11.1,4.7,1,0,2
5.194,2026-02-16 02:00:00,-11.0,2.5,2,0,2
6.123,2026-02-16 03:00:00,-11.0,2.5,3,0,2
7.453,2026-02-16 04:00:00,-11.6,2.5,4,0,2
11.473,2026-02-16 05:00:00,-11.9,1.8,5,0,2
11.643,2026-02-16 06:00:00,-11.9,5.0,6,0,2
11.684,2026-02-16 07:00:00,-11.7,4.0,7,0,2
11.61,2026-02-16 08:00:00,-11.5,3.6,8,0,2
13.538,2026-02-16 09:00:00,-10.5,2.9,9,0,2
13.678,2026-02-16 10:00:00,-9.4,2.5,10,0,2
13.805,2026-02-16 11:00:00,-8.3,4.0,11,0,2
11.734,2026-02-16 12:00:00,-7.6,4.3,12,0,2
9.468,2026-02-16 13:00:00,-7.4,4.7,13,0,2
9.412,2026-02-16 14:00:00,-8.2,5.0,14,0,2
10.408,2026-02-16 15:00:00,-9.2,6.1,15,0,2
12.318,2026-02-16 16:00:00,-10.3,6.1,16,0,2
10.136,2026-02-16 17:00:00,-11.5,4.7,17,0,2
7.272,2026-02-16 18:00:00,-12.3,4.7,18,0,2
4.042,2026-02-16 19:00:00,-12.9,4.3,19,0,2
3.894,2026-02-16 20:00:00,-13.2,4.3,20,0,2
3.406,2026-02-16 21:00:00,-13.4,4.7,21,0,2
3.111,2026-02-16 22:00:00,-13.6,4.3,22,0,2
4.779,2026-02-16 23:00:00,-9.8,6.8,23,0,2
4.813,2026-02-17 00:00:00,-10.1,8.3,0,1,2
4.832,2026-02-17 01:00:00,-10.7,7.2,1,1,2
5.069,2026-02-17 02:00:00,-10.9,7.2,2,1,2
5.209,2026-02-17 03:00:00,-11.6,6.8,3,1,2
4.98,2026-02-17 04:00:00,-11.9,7.9,4,1,2
5.379,2026-02-17 05:00:00,-12.1,10.1,5,1,2
11.61,2026-02-17 06:00:00,-11.6,9.7,6,1,2
13.326,2026-02-17 07:00:00,-10.9,10.8,7,1,2
13.779,2026-02-17 08:00:00,-10.9,11.2,8,1,2
13.463,2026-02-17 09:00:00,-10.3,11.2,9,1,2
12.558,2026-02-17 10:00:00,-9.5,9.0,10,1,2
11.595,2026-02-17 11:00:00,-8.5,9.0,11,1,2
11.655,2026-02-17 12:00:00,-8.0,9.4,12,1,2
10.04,2026-02-17 13:00:00,-7.7,9.4,13,1,2
10.04,2026-02-17 14:00:00,-7.6,10.8,14,1,2
10.014,2026-02-17 15:00:00,-7.1,10.4,15,1,2
14.142,2026-02-17 16:00:00,-7.1,10.1,16,1,2
14.703,2026-02-17 17:00:00,-7.4,9.4,17,1,2
11.776,2026-02-17 18:00:00,-8.4,9.0,18,1,2
8.88,2026-02-17 19:00:00,-9.9,8.3,19,1,2
9.982,2026-02-17 20:00:00,-10.9,6.1,20,1,2
10.069,2026-02-17 21:00:00,-11.5,5.4,21,1,2
10.057,2026-02-17 22:00:00,-12.0,6.1,22,1,2
6.947,2026-02-17 23:00:00,-12.5,7.6,23,1,2
8.064,2026-02-18 00:00:00,-12.7,7.9,0,2,2
9.294,2026-02-18 01:00:00,-12.8,8.3,1,2,2
9.957,2026-02-18 02:00:00,-12.5,7.9,2,2,2
11.409,2026-02-18 03:00:00,-13.2,7.2,3,2,2
12.62,2026-02-18 04:00:00,-13.9,8.3,4,2,2
15.437,2026-02-18 05:00:00,-14.4,9.0,5,2,2
22.575,2026-02-18 06:00:00,-14.7,9.0,6,2,2
24.789,2026-02-18 07:00:00,-14.3,9.0,7,2,2
21.408,2026-02-18 08:00:00,-12.9,10.8,8,2,2
22.991,2026-02-18 09:00:00,-11.2,11.9,9,2,2
17.588,2026-02-18 10:00:00,-9.9,12.6,10,2,2
18.197,2026-02-18 11:00:00,-8.9,13.0,11,2,2
17.131,2026-02-18 12:00:00,-8.4,12.6,12,2,2
17.138,2026-02-18 13:00:00,-8.1,13.3,13,2,2
17.512,2026-02-18 14:00:00,-7.6,12.2,14,2,2
18.587,2026-02-18 15:00:00,-8.5,12.6,15,2,2
22.918,2026-02-18 16:00:00,-9.5,13.7,16,2,2
21.051,2026-02-18 17:00:00,-10.4,14.0,17,2,2
17.523,2026-02-18 18:00:00,-10.7,14.0,18,2,2
15.61,2026-02-18 19:00:00,-10.7,13.3,19,2,2
14.975,2026-02-18 20:00:00,-10.5,13.0,20,2,2
13.644,2026-02-18 21:00:00,-10.5,12.2,21,2,2
12.91,2026-02-18 22:00:00,-10.3,11.9,22,2,2
15.96,2026-02-19 23:00:00,-15.3,16.6,23,3,2
12.162,2026-02-20 00:00:00,-15.5,15.8,0,4,2
11.654,2026-02-20 01:00:00,-15.6,16.9,1,4,2
11.326,2026-02-20 02:00:00,-16.0,17.3,2,4,2
11.774,2026-02-20 03:00:00,-16.2,16.2,3,4,2
17.777,2026-02-20 04:00:00,-16.5,16.9,4,4,2
24.476,2026-02-20 05:00:00,-16.5,15.5,5,4,2
24.023,2026-02-20 06:00:00,-16.4,14.4,6,4,2
24.853,2026-02-20 07:00:00,-16.2,12.6,7,4,2
21.654,2026-02-20 08:00:00,-15.5,12.6,8,4,2
17.137,2026-02-20 09:00:00,-14.2,12.6,9,4,2
13.649,2026-02-20 10:00:00,-12.4,11.5,10,4,2
14.169,2026-02-20 11:00:00,-10.7,10.8,11,4,2
11.422,2026-02-20 12:00:00,-9.0,10.4,12,4,2
11.168,2026-02-20 13:00:00,-8.2,8.6,13,4,2
8.785,2026-02-20 14:00:00,-7.8,7.6,14,4,2
6.045,2026-02-20 15:00:00,-8.6,8.3,15,4,2
5.045,2026-02-20 16:00:00,-9.6,8.6,16,4,2
3.851,2026-02-20 17:00:00,-10.2,9.0,17,4,2
3.524,2026-02-20 18:00:00,-10.9,8.6,18,4,2
3.354,2026-02-20 19:00:00,-11.0,9.4,19,4,2
3.436,2026-02-20 20:00:00,-11.9,9.0,20,4,2
3.141,2026-02-20 21:00:00,-13.0,9.4,21,4,2
2.707,2026-02-20 22:00:00,-14.2,9.4,22,4,2
1.388,2026-02-20 23:00:00,-14.9,9.0,23,4,2
1.613,2026-02-21 00:00:00,-14.7,9.0,0,5,2
1.979,2026-02-21 01:00:00,-13.9,9.4,1,5,2
2.382,2026-02-21 02:00:00,-12.3,9.7,2,5,2
2.705,2026-02-21 03:00:00,-11.0,10.8,3,5,2
3.131,2026-02-21 04:00:00,-10.4,11.2,4,5,2
3.451,2026-02-21 05:00:00,-8.0,11.9,5,5,2
4.456,2026-02-21 06:00:00,-4.8,24.5,6,5,2
5.657,2026-02-21 07:00:00,-4.0,25.2,7,5,2
7.037,2026-02-21 08:00:00,-3.3,23.8,8,5,2
7.471,2026-02-21 09:00:00,-3.0,21.2,9,5,2
7.419,2026-02-21 10:00:00,-2.4,19.1,10,5,2
7.407,2026-02-21 11:00:00,-1.9,21.2,11,5,2
6.966,2026-02-21 12:00:00,-1.7,22.0,12,5,2
7.12,2026-02-21 13:00:00,-1.3,23.0,13,5,2
8.538,2026-02-21 14:00:00,-1.2,22.7,14,5,2
9.777,2026-02-21 15:00:00,-1.3,22.0,15,5,2
10.812,2026-02-21 16:00:00,-1.7,20.9,16,5,2
11.871,2026-02-21 17:00:00,-2.2,20.9,17,5,2
9.677,2026-02-21 18:00:00,-2.5,22.0,18,5,2
9.264,2026-02-21 19:00:00,-2.7,21.2,19,5,2
8.786,2026-02-21 20:00:00,-3.0,20.2,20,5,2
7.187,2026-02-21 21:00:00,-3.0,18.4,21,5,2
5.62,2026-02-21 22:00:00,-3.0,16.2,22,5,2
10.055,2026-02-22 23:00:00,-8.0,11.2,23,6,2
9.553,2026-02-23 00:00:00,-8.6,10.4,0,0,2
7.371,2026-02-23 01:00:00,-8.9,8.6,1,0,2
8.655,2026-02-23 02:00:00,-9.2,7.2,2,0,2
11.743,2026-02-23 03:00:00,-10.0,6.5,3,0,2
18.456,2026-02-23 04:00:00,-9.9,5.0,4,0,2
19.745,2026-02-23 05:00:00,-10.7,0.7,5,0,2
18.259,2026-02-23 06:00:00,-10.7,1.8,6,0,2
18.822,2026-02-23 07:00:00,-10.9,1.8,7,0,2
16.133,2026-02-23 08:00:00,-10.2,3.2,8,0,2
18.314,2026-02-23 09:00:00,-8.0,0.4,9,0,2
18.466,2026-02-23 10:00:00,-5.9,4.7,10,0,2
18.787,2026-02-23 11:00:00,-4.1,7.2,11,0,2
18.197,2026-02-23 12:00:00,-3.3,8.6,12,0,2
18.63,2026-02-23 13:00:00,-3.1,8.3,13,0,2
18.824,2026-02-23 14:00:00,-3.4,6.5,14,0,2
18.367,2026-02-23 15:00:00,-4.3,6.8,15,0,2
18.282,2026-02-23 16:00:00,-5.4,7.9,16,0,2
17.827,2026-02-23 17:00:00,-6.8,8.6,17,0,2
16.024,2026-02-23 18:00:00,-7.7,9.0,18,0,2
14.51,2026-02-23 19:00:00,-8.2,10.1,19,0,2
16.817,2026-02-23 20:00:00,-8.5,9.4,20,0,2
14.445,2026-02-23 21:00:00,-8.4,9.0,21,0,2
15.562,2026-02-23 22:00:00,-8.5,9.0,22,0,2
15.224,2026-02-23 23:00:00,-9.0,9.0,23,0,2
12.104,2026-02-24 00:00:00,-9.3,9.4,0,1,2
11.669,2026-02-24 01:00:00,-9.1,10.4,1,1,2
11.051,2026-02-24 02:00:00,-8.7,11.2,2,1,2
11.497,2026-02-24 03:00:00,-8.3,11.2,3,1,2
16.941,2026-02-24 04:00:00,-8.3,10.4,4,1,2
16.942,2026-02-24 05:00:00,-8.4,9.7,5,1,2
17.084,2026-02-24 06:00:00,-8.2,9.7,6,1,2
18.907,2026-02-24 07:00:00,-7.4,9.7,7,1,2
18.799,2026-02-24 08:00:00,-6.2,9.4,8,1,2
16.942,2026-02-24 09:00:00,-5.0,9.7,9,1,2
15.538,2026-02-24 10:00:00,-3.9,10.1,10,1,2
14.303,2026-02-24 11:00:00,-3.1,10.1,11,1,2
15.354,2026-02-24 12:00:00,-2.6,10.1,12,1,2
14.917,2026-02-24 13:00:00,-2.2,10.8,13,1,2
14.524,2026-02-24 14:00:00,-2.2,11.5,14,1,2
16.867,2026-02-24 15:00:00,-2.8,11.5,15,1,2
22.914,2026-02-24 16:00:00,-4.0,12.2,16,1,2
22.866,2026-02-24 17:00:00,-5.3,11.9,17,1,2
17.994,2026-02-24 18:00:00,-6.6,11.2,18,1,2
15.044,2026-02-24 19:00:00,-7.5,11.2,19,1,2
14.063,2026-02-24 20:00:00,-8.0,10.8,20,1,2
16.471,2026-02-24 21:00:00,-8.2,10.1,21,1,2
13.387,2026-02-24 22:00:00,-8.6,9.7,22,1,2
15.192,2026-02-24 23:00:00,-9.8,9.4,23,1,2
13.523,2026-02-25 00:00:00,-10.2,9.0,0,2,2
14.056,2026-02-25 01:00:00,-11.1,9.7,1,2,2
13.149,2026-02-25 02:00:00,-11.8,9.4,2,2,2
12.342,2026-02-25 03:00:00,-12.3,8.6,3,2,2
17.279,2026-02-25 04:00:00,-12.8,7.9,4,2,2
17.321,2026-02-25 05:00:00,-13.1,7.2,5,2,2
18.051,2026-02-25 06:00:00,-13.6,7.6,6,2,2
18.067,2026-02-25 07:00:00,-13.2,6.5,7,2,2
17.384,2026-02-25 08:00:00,-12.5,5.8,8,2,2
13.712,2026-02-25 09:00:00,-10.8,5.0,9,2,2
11.674,2026-02-25 10:00:00,-9.0,3.2,10,2,2
12.492,2026-02-25 11:00:00,-6.6,3.2,11,2,2
12.55,2026-02-25 12:00:00,-4.8,7.2,12,2,2
13.737,2026-02-25 13:00:00,-4.1,7.9,13,2,2
5.653,2026-02-25 14:00:00,-3.9,8.3,14,2,2
3.19,2026-02-25 15:00:00,-4.3,10.1,15,2,2
3.464,2026-02-25 16:00:00,-5.3,9.7,16,2,2
3.564,2026-02-25 17:00:00,-6.0,10.8,17,2,2
3.326,2026-02-25 18:00:00,-6.1,13.3,18,2,2
3.057,2026-02-25 19:00:00,-6.6,13.0,19,2,2
3.549,2026-02-25 20:00:00,-6.8,11.9,20,2,2
3.518,2026-02-25 21:00:00,-6.6,9.7,21,2,2
3.438,2026-02-25 22:00:00,-6.3,10.4,22,2,2
4.301,2026-02-25 23:00:00,-5.8,11.2,23,2,2
4.511,2026-02-26 00:00:00,-5.1,13.0,0,3,2
4.642,2026-02-26 01:00:00,-4.2,16.2,1,3,2
4.836,2026-02-26 02:00:00,-3.5,19.4,2,3,2
5.499,2026-02-26 03:00:00,-3.2,20.5,3,3,2
6.56,2026-02-26 04:00:00,-3.0,20.5,4,3,2
8.043,2026-02-26 05:00:00,-2.7,22.7,5,3,2
8.457,2026-02-26 06:00:00,-2.7,25.6,6,3,2
9.303,2026-02-26 07:00:00,-2.6,26.6,7,3,2
8.773,2026-02-26 08:00:00,-2.6,26.6,8,3,2
7.575,2026-02-26 09:00:00,-2.6,27.7,9,3,2
6.619,2026-02-26 10:00:00,-2.5,27.4,10,3,2
5.463,2026-02-26 11:00:00,-2.2,25.2,11,3,2
5.353,2026-02-26 12:00:00,-1.8,23.8,12,3,2
5.952,2026-02-26 13:00:00,-1.4,19.8,13,3,2
7.556,2026-02-26 14:00:00,-0.8,22.7,14,3,2
7.507,2026-02-26 15:00:00,-0.5,21.6,15,3,2
7.916,2026-02-26 16:00:00,-0.2,23.8,16,3,2
7.499,2026-02-26 17:00:00,-0.2,24.1,17,3,2
6.428,2026-02-26 18:00:00,0.2,24.5,18,3,2
6.24,2026-02-26 19:00:00,0.4,25.9,19,3,2
6.277,2026-02-26 20:00:00,0.7,25.6,20,3,2
5.79,2026-02-26 21:00:00,0.8,24.8,21,3,2
5.232,2026-02-26 22:00:00,1.0,23.4,22,3,2
9.649,2026-02-27 23:00:00,1.8,13.3,23,4,2
8.852,2026-02-28 00:00:00,1.8,11.2,0,5,2
8.747,2026-02-28 01:00:00,1.7,10.8,1,5,2
8.244,2026-02-28 02:00:00,1.7,10.8,2,5,2
8.193,2026-02-28 03:00:00,1.7,9.0,3,5,2
8.102,2026-02-28 04:00:00,1.8,8.3,4,5,2
6.495,2026-02-28 05:00:00,1.9,8.6,5,5,2
10.386,2026-02-28 06:00:00,2.0,10.1,6,5,2
10.654,2026-02-28 07:00:00,2.4,10.8,7,5,2
11.99,2026-02-28 08:00:00,2.8,10.4,8,5,2
10.311,2026-02-28 09:00:00,3.1,10.1,9,5,2
11.446,2026-02-28 10:00:00,3.3,10.1,10,5,2
11.298,2026-02-28 11:00:00,3.8,10.1,11,5,2
11.58,2026-02-28 12:00:00,4.2,8.6,12,5,2
11.472,2026-02-28 13:00:00,4.3,8.6,13,5,2
10.835,2026-02-28 14:00:00,4.1,9.0,14,5,2
11.169,2026-02-28 15:00:00,3.7,7.9,15,5,2
12.561,2026-02-28 16:00:00,3.3,6.8,16,5,2
12.065,2026-02-28 17:00:00,3.1,7.2,17,5,2
10.862,2026-02-28 18:00:00,2.9,5.0,18,5,2
9.554,2026-02-28 19:00:00,2.6,2.9,19,5,2
9.293,2026-02-28 20:00:00,2.5,2.2,20,5,2
8.526,2026-02-28 21:00:00,2.4,0.7,21,5,2
8.038,2026-02-28 22:00:00,2.3,1.4,22,5,2
9.367,2026-02-28 23:00:00,2.2,2.2,23,5,2
9.748,2026-03-01 00:00:00,2.1,5.0,0,6,3
10.432,2026-03-01 01:00:00,2.0,5.4,1,6,3
10.551,2026-03-01 02:00:00,1.9,6.1,2,6,3
10.977,2026-03-01 03:00:00,1.6,8.3,3,6,3
12.91,2026-03-01 04:00:00,1.5,8.3,4,6,3
11.55,2026-03-01 05:00:00,1.5,8.3,5,6,3
9.519,2026-03-01 06:00:00,1.4,9.7,6,6,3
9.96,2026-03-01 07:00:00,1.4,11.2,7,6,3
10.085,2026-03-01 08:00:00,1.3,12.2,8,6,3
9.811,2026-03-01 09:00:00,1.3,13.3,9,6,3
9.539,2026-03-01 10:00:00,1.4,14.8,10,6,3
10.342,2026-03-01 11:00:00,1.3,10.4,11,6,3
11.09,2026-03-01 12:00:00,1.2,12.2,12,6,3
9.883,2026-03-01 13:00:00,1.1,12.6,13,6,3
9.071,2026-03-01 14:00:00,1.0,11.9,14,6,3
9.747,2026-03-01 15:00:00,1.0,11.2,15,6,3
11.318,2026-03-01 16:00:00,0.9,11.2,16,6,3
11.913,2026-03-01 17:00:00,0.9,9.7,17,6,3
11.052,2026-03-01 18:00:00,1.0,9.0,18,6,3
9.286,2026-03-01 19:00:00,1.2,8.3,19,6,3
9.365,2026-03-01 20:00:00,1.3,6.8,20,6,3
8.012,2026-03-01 21:00:00,1.4,7.2,21,6,3
7.651,2026-03-01 22:00:00,1.4,7.2,22,6,3
2.179,2026-03-04 23:00:00,1.9,26.6,23,2,3
2.348,2026-03-05 00:00:00,1.5,27.0,0,3,3
2.39,2026-03-05 01:00:00,1.1,25.6,1,3,3
2.506,2026-03-05 02:00:00,0.5,18.4,2,3,3
2.926,2026-03-05 03:00:00,0.3,16.2,3,3,3
4.895,2026-03-05 04:00:00,0.1,15.8,4,3,3
5.175,2026-03-05 05:00:00,0.2,20.9,5,3,3
11.568,2026-03-05 06:00:00,0.2,18.0,6,3,3
16.412,2026-03-05 07:00:00,0.7,16.6,7,3,3
12.116,2026-03-05 08:00:00,1.5,14.8,8,3,3
8.565,2026-03-05 09:00:00,2.3,13.7,9,3,3
7.407,2026-03-05 10:00:00,3.1,11.5,10,3,3
7.266,2026-03-05 11:00:00,4.0,10.8,11,3,3
7.305,2026-03-05 12:00:00,4.8,10.4,12,3,3
7.686,2026-03-05 13:00:00,5.0,11.2,13,3,3
11.078,2026-03-05 14:00:00,5.0,10.1,14,3,3
11.305,2026-03-05 15:00:00,4.4,7.2,15,3,3
16.146,2026-03-05 16:00:00,3.2,4.3,16,3,3
12.55,2026-03-05 17:00:00,1.8,4.3,17,3,3
8.961,2026-03-05 18:00:00,1.1,3.6,18,3,3
8.287,2026-03-05 19:00:00,0.8,6.1,19,3,3
8.285,2026-03-05 20:00:00,0.2,4.3,20,3,3
4.909,2026-03-05 21:00:00,0.1,6.1,21,3,3
2.647,2026-03-05 22:00:00,-0.2,6.1,22,3,3
4.666,2026-03-05 23:00:00,-0.6,2.2,23,3,3
4.666,2026-03-05 23:00:00,-1.3,6.5,23,3,3
2.511,2026-03-06 00:00:00,-1.1,2.9,0,4,3
2.511,2026-03-06 00:00:00,-1.4,2.2,0,4,3
2.278,2026-03-06 01:00:00,-1.3,2.5,1,4,3
2.278,2026-03-06 01:00:00,-1.8,2.9,1,4,3
2.18,2026-03-06 02:00:00,-2.1,1.8,2,4,3
2.18,2026-03-06 02:00:00,-1.5,1.1,2,4,3
1.949,2026-03-06 03:00:00,-1.9,3.2,3,4,3
1.949,2026-03-06 03:00:00,-2.6,1.8,3,4,3
2.044,2026-03-06 04:00:00,-3.0,3.6,4,4,3
2.044,2026-03-06 04:00:00,-2.2,4.0,4,4,3
1.873,2026-03-06 05:00:00,-2.3,4.0,5,4,3
1.873,2026-03-06 05:00:00,-3.2,3.2,5,4,3
2.251,2026-03-06 06:00:00,-2.4,4.3,6,4,3
2.251,2026-03-06 06:00:00,-3.1,4.0,6,4,3
2.409,2026-03-06 07:00:00,-2.1,4.3,7,4,3
2.409,2026-03-06 07:00:00,-0.9,4.7,7,4,3
2.51,2026-03-06 08:00:00,1.2,7.9,8,4,3
2.51,2026-03-06 08:00:00,-0.3,7.6,8,4,3
2.671,2026-03-06 09:00:00,3.3,9.0,9,4,3
2.671,2026-03-06 09:00:00,1.7,8.3,9,4,3
3.155,2026-03-06 10:00:00,5.3,10.1,10,4,3
3.155,2026-03-06 10:00:00,4.2,9.4,10,4,3
3.231,2026-03-06 11:00:00,5.9,12.6,11,4,3
3.231,2026-03-06 11:00:00,6.9,13.0,11,4,3
3.128,2026-03-06 12:00:00,6.7,13.0,12,4,3
3.128,2026-03-06 12:00:00,7.7,12.2,12,4,3
2.517,2026-03-06 13:00:00,7.9,12.2,13,4,3
2.517,2026-03-06 13:00:00,7.2,12.6,13,4,3
2.47,2026-03-06 14:00:00,7.3,11.9,14,4,3
2.47,2026-03-06 14:00:00,7.6,11.9,14,4,3
2.352,2026-03-06 15:00:00,6.6,12.6,15,4,3
2.352,2026-03-06 15:00:00,6.5,13.0,15,4,3
2.123,2026-03-06 16:00:00,5.1,12.6,16,4,3
2.123,2026-03-06 16:00:00,4.8,12.2,16,4,3
1.66,2026-03-06 17:00:00,3.4,11.5,17,4,3
1.66,2026-03-06 17:00:00,3.7,11.2,17,4,3
1.454,2026-03-06 18:00:00,2.5,11.9,18,4,3
1.454,2026-03-06 18:00:00,3.0,10.4,18,4,3
1.309,2026-03-06 19:00:00,2.6,11.9,19,4,3
1.309,2026-03-06 19:00:00,2.0,10.8,19,4,3
1.635,2026-03-06 20:00:00,2.5,15.5,20,4,3
1.635,2026-03-06 20:00:00,1.8,13.7,20,4,3
1.514,2026-03-06 21:00:00,1.8,17.3,21,4,3
1.514,2026-03-06 21:00:00,2.3,16.9,21,4,3
1.194,2026-03-06 22:00:00,1.9,16.9,22,4,3
1.194,2026-03-06 22:00:00,2.1,16.9,22,4,3
1.414,2026-03-06 23:00:00,1.8,13.7,23,4,3
1.595,2026-03-07 00:00:00,1.6,12.2,0,5,3
1.862,2026-03-07 01:00:00,1.2,13.3,1,5,3
2.096,2026-03-07 02:00:00,0.8,13.3,2,5,3
2.406,2026-03-07 03:00:00,0.5,12.6,3,5,3
2.555,2026-03-07 04:00:00,0.1,11.9,4,5,3
2.833,2026-03-07 05:00:00,-0.4,11.2,5,5,3
2.998,2026-03-07 06:00:00,-0.5,10.8,6,5,3
3.097,2026-03-07 07:00:00,0.3,10.1,7,5,3
3.039,2026-03-07 08:00:00,1.3,9.4,8,5,3
3.061,2026-03-07 09:00:00,2.6,8.3,9,5,3
3.001,2026-03-07 10:00:00,4.2,7.9,10,5,3
2.969,2026-03-07 11:00:00,5.7,9.7,11,5,3
2.759,2026-03-07 12:00:00,6.5,12.2,12,5,3
2.813,2026-03-07 13:00:00,6.8,13.3,13,5,3
2.65,2026-03-07 14:00:00,6.6,13.7,14,5,3
2.568,2026-03-07 15:00:00,5.8,12.2,15,5,3
2.493,2026-03-07 16:00:00,4.3,11.5,16,5,3
2.074,2026-03-07 17:00:00,3.3,12.2,17,5,3
1.629,2026-03-07 18:00:00,2.8,13.0,18,5,3
1.267,2026-03-07 19:00:00,2.3,13.3,19,5,3
1.555,2026-03-07 20:00:00,1.7,12.6,20,5,3
1.329,2026-03-07 21:00:00,0.9,10.4,21,5,3
1.072,2026-03-07 22:00:00,0.2,9.0,22,5,3
2.339,2026-03-07 23:00:00,0.7,11.5,23,5,3
2.485,2026-03-08 00:00:00,0.6,11.5,0,6,3
2.51,2026-03-08 01:00:00,0.5,12.2,1,6,3
2.378,2026-03-08 02:00:00,0.0,13.0,2,6,3
2.442,2026-03-08 03:00:00,-0.1,11.5,3,6,3
2.558,2026-03-08 04:00:00,-0.1,10.8,4,6,3
2.621,2026-03-08 05:00:00,-0.4,9.7,5,6,3
3.2,2026-03-08 06:00:00,-0.7,9.7,6,6,3
3.57,2026-03-08 07:00:00,0.2,10.4,7,6,3
3.31,2026-03-08 08:00:00,1.5,11.9,8,6,3
3.502,2026-03-08 09:00:00,3.2,14.4,9,6,3
3.296,2026-03-08 10:00:00,4.9,14.8,10,6,3
3.189,2026-03-08 11:00:00,5.9,14.0,11,6,3
3.445,2026-03-08 12:00:00,6.7,15.1,12,6,3
3.694,2026-03-08 13:00:00,7.1,13.3,13,6,3
4.04,2026-03-08 14:00:00,7.4,11.5,14,6,3
4.26,2026-03-08 15:00:00,7.1,9.7,15,6,3
4.216,2026-03-08 16:00:00,5.5,8.6,16,6,3
4.605,2026-03-08 17:00:00,4.2,9.4,17,6,3
4.024,2026-03-08 18:00:00,3.6,10.8,18,6,3
3.797,2026-03-08 19:00:00,3.2,10.8,19,6,3
4.422,2026-03-08 20:00:00,2.5,10.4,20,6,3
4.771,2026-03-08 21:00:00,2.0,10.4,21,6,3
4.659,2026-03-08 22:00:00,1.6,12.6,22,6,3
4.583,2026-03-08 23:00:00,1.4,10.8,23,6,3
4.455,2026-03-09 00:00:00,1.2,9.0,0,0,3
4.525,2026-03-09 01:00:00,0.9,10.4,1,0,3
4.542,2026-03-09 02:00:00,0.7,10.1,2,0,3
4.787,2026-03-09 03:00:00,0.7,10.4,3,0,3
5.521,2026-03-09 04:00:00,0.6,10.8,4,0,3
7.562,2026-03-09 05:00:00,0.6,11.9,5,0,3
9.114,2026-03-09 06:00:00,0.6,10.8,6,0,3
9.385,2026-03-09 07:00:00,0.8,10.8,7,0,3
9.369,2026-03-09 08:00:00,1.1,10.8,8,0,3
10.003,2026-03-09 09:00:00,1.5,11.9,9,0,3
8.608,2026-03-09 10:00:00,2.0,11.9,10,0,3
8.134,2026-03-09 11:00:00,2.7,11.9,11,0,3
7.75,2026-03-09 12:00:00,3.0,10.1,12,0,3
9.503,2026-03-09 13:00:00,2.9,8.6,13,0,3
11.827,2026-03-09 14:00:00,2.9,9.7,14,0,3
14.325,2026-03-09 15:00:00,3.0,10.4,15,0,3
18.596,2026-03-09 16:00:00,3.1,12.2,16,0,3
24.646,2026-03-09 17:00:00,2.9,12.6,17,0,3
15.182,2026-03-09 18:00:00,2.6,10.1,18,0,3
9.573,2026-03-09 19:00:00,2.5,12.6,19,0,3
5.806,2026-03-09 20:00:00,2.4,11.9,20,0,3
4.482,2026-03-09 21:00:00,2.3,12.2,21,0,3
3.851,2026-03-09 22:00:00,2.2,12.6,22,0,3
2.882,2026-03-10 23:00:00,1.8,11.9,23,1,3
3.185,2026-03-11 00:00:00,1.6,13.3,0,2,3
3.377,2026-03-11 01:00:00,1.2,13.0,1,2,3
3.254,2026-03-11 02:00:00,0.9,12.6,2,2,3
3.48,2026-03-11 03:00:00,0.6,12.6,3,2,3
4.399,2026-03-11 04:00:00,0.2,12.6,4,2,3
4.884,2026-03-11 05:00:00,0.0,11.9,5,2,3
6.012,2026-03-11 06:00:00,0.0,12.2,6,2,3
6.056,2026-03-11 07:00:00,0.4,11.5,7,2,3
5.436,2026-03-11 08:00:00,1.8,11.5,8,2,3
4.032,2026-03-11 09:00:00,3.2,11.9,9,2,3
3.814,2026-03-11 10:00:00,4.8,12.6,10,2,3
3.773,2026-03-11 11:00:00,6.5,12.6,11,2,3
3.56,2026-03-11 12:00:00,7.4,11.5,12,2,3
4.224,2026-03-11 13:00:00,8.0,11.9,13,2,3
5.585,2026-03-11 14:00:00,8.1,11.5,14,2,3
5.364,2026-03-11 15:00:00,7.8,11.5,15,2,3
4.12,2026-03-11 16:00:00,6.6,12.6,16,2,3
3.319,2026-03-11 17:00:00,5.4,13.7,17,2,3
3.247,2026-03-11 18:00:00,4.8,13.3,18,2,3
2.915,2026-03-11 19:00:00,4.3,16.6,19,2,3
2.766,2026-03-11 20:00:00,4.2,15.5,20,2,3
2.633,2026-03-11 21:00:00,4.1,14.4,21,2,3
1.831,2026-03-11 22:00:00,3.9,13.0,22,2,3
1.462,2026-03-11 23:00:00,3.5,10.8,23,2,3
1.155,2026-03-12 00:00:00,3.1,10.8,0,3,3
0.823,2026-03-12 01:00:00,2.8,9.0,1,3,3
0.812,2026-03-12 02:00:00,2.6,11.5,2,3,3
0.96,2026-03-12 03:00:00,2.5,10.4,3,3,3
1.893,2026-03-12 04:00:00,2.3,13.0,4,3,3
2.282,2026-03-12 05:00:00,2.4,11.9,5,3,3
2.863,2026-03-12 06:00:00,2.6,14.8,6,3,3
3.288,2026-03-12 07:00:00,2.9,14.0,7,3,3
3.262,2026-03-12 08:00:00,3.4,14.0,8,3,3
2.364,2026-03-12 09:00:00,3.9,14.0,9,3,3
1.426,2026-03-12 10:00:00,4.3,14.8,10,3,3
1.223,2026-03-12 11:00:00,5.0,13.3,11,3,3
1.226,2026-03-12 12:00:00,5.1,14.0,12,3,3
1.052,2026-03-12 13:00:00,5.0,15.1,13,3,3
0.82,2026-03-12 14:00:00,4.7,13.3,14,3,3
1.024,2026-03-12 15:00:00,4.5,12.6,15,3,3
1.193,2026-03-12 16:00:00,4.4,12.6,16,3,3
1.23,2026-03-12 17:00:00,4.2,14.4,17,3,3
1.097,2026-03-12 18:00:00,3.9,15.8,18,3,3
0.783,2026-03-12 19:00:00,3.5,14.8,19,3,3
0.606,2026-03-12 20:00:00,3.0,18.4,20,3,3
0.432,2026-03-12 21:00:00,2.8,16.9,21,3,3
0.368,2026-03-12 22:00:00,2.4,16.6,22,3,3
2.122,2026-03-16 23:00:00,1.0,5.4,23,0,3
2.186,2026-03-17 00:00:00,0.9,5.4,0,1,3
2.158,2026-03-17 01:00:00,1.0,6.1,1,1,3
2.338,2026-03-17 02:00:00,1.0,5.0,2,1,3
2.478,2026-03-17 03:00:00,1.2,5.8,3,1,3
3.17,2026-03-17 04:00:00,1.0,4.7,4,1,3
4.732,2026-03-17 05:00:00,1.2,6.1,5,1,3
6.882,2026-03-17 06:00:00,1.2,7.9,6,1,3
6.849,2026-03-17 07:00:00,1.4,6.8,7,1,3
4.925,2026-03-17 08:00:00,1.7,7.2,8,1,3
3.473,2026-03-17 09:00:00,2.2,6.1,9,1,3
3.012,2026-03-17 10:00:00,2.4,5.0,10,1,3
2.613,2026-03-17 11:00:00,2.8,6.5,11,1,3
1.875,2026-03-17 12:00:00,3.2,7.2,12,1,3
2.163,2026-03-17 13:00:00,3.6,7.2,13,1,3
3.137,2026-03-17 14:00:00,3.8,7.2,14,1,3
2.256,2026-03-17 15:00:00,4.1,6.1,15,1,3
1.214,2026-03-17 16:00:00,3.9,6.1,16,1,3
1.072,2026-03-17 17:00:00,3.1,6.8,17,1,3
0.832,2026-03-17 18:00:00,2.7,7.6,18,1,3
0.539,2026-03-17 19:00:00,2.0,7.6,19,1,3
0.397,2026-03-17 20:00:00,1.2,7.9,20,1,3
0.238,2026-03-17 21:00:00,0.8,9.7,21,1,3
0.04,2026-03-17 22:00:00,0.9,12.6,22,1,3
0.249,2026-03-17 23:00:00,0.9,13.0,23,1,3
0.16,2026-03-18 00:00:00,0.8,12.6,0,2,3
0.036,2026-03-18 01:00:00,0.8,13.0,1,2,3
0.057,2026-03-18 02:00:00,0.8,12.6,2,2,3
0.206,2026-03-18 03:00:00,0.7,13.3,3,2,3
0.255,2026-03-18 04:00:00,0.7,14.0,4,2,3
0.588,2026-03-18 05:00:00,0.8,14.4,5,2,3
0.555,2026-03-18 06:00:00,1.2,14.8,6,2,3
0.529,2026-03-18 07:00:00,1.7,14.8,7,2,3
0.581,2026-03-18 08:00:00,2.5,15.5,8,2,3
0.536,2026-03-18 09:00:00,3.6,16.2,9,2,3
0.35,2026-03-18 10:00:00,4.8,17.3,10,2,3
0.307,2026-03-18 11:00:00,5.6,18.0,11,2,3
0.327,2026-03-18 12:00:00,5.9,18.0,12,2,3
0.366,2026-03-18 13:00:00,6.0,18.0,13,2,3
0.626,2026-03-18 14:00:00,5.5,18.4,14,2,3
0.592,2026-03-18 15:00:00,4.6,18.4,15,2,3
0.781,2026-03-18 16:00:00,3.3,19.4,16,2,3
0.641,2026-03-18 17:00:00,2.1,19.1,17,2,3
0.555,2026-03-18 18:00:00,1.3,20.5,18,2,3
0.424,2026-03-18 19:00:00,1.1,21.2,19,2,3
0.32,2026-03-18 20:00:00,1.1,20.5,20,2,3
0.247,2026-03-18 21:00:00,1.2,16.9,21,2,3
0.225,2026-03-18 22:00:00,1.3,16.6,22,2,3
0.385,2026-05-27 22:00:00,9.8,27.4,22,2,5
0.348,2026-05-27 23:00:00,9.8,28.1,23,2,5
0.296,2026-05-28 00:00:00,9.7,26.6,0,3,5
0.279,2026-05-28 01:00:00,9.6,25.9,1,3,5
0.286,2026-05-28 02:00:00,9.3,29.2,2,3,5
0.504,2026-05-28 03:00:00,8.9,27.4,3,3,5
0.651,2026-05-28 04:00:00,9.0,26.3,4,3,5
0.773,2026-05-28 05:00:00,9.3,24.8,5,3,5
0.788,2026-05-28 06:00:00,10.0,27.4,6,3,5
0.592,2026-05-28 07:00:00,10.6,28.4,7,3,5
0.563,2026-05-28 08:00:00,11.1,27.4,8,3,5
0.285,2026-05-28 09:00:00,12.4,28.1,9,3,5
0.247,2026-05-28 10:00:00,13.2,27.4,10,3,5
0.239,2026-05-28 11:00:00,13.6,26.3,11,3,5
0.246,2026-05-28 12:00:00,14.6,26.3,12,3,5
0.35,2026-05-28 13:00:00,14.5,26.6,13,3,5
0.824,2026-05-28 14:00:00,14.2,31.0,14,3,5
2.042,2026-05-28 15:00:00,13.5,27.7,15,3,5
7.374,2026-05-28 16:00:00,13.0,26.3,16,3,5
10.668,2026-05-28 17:00:00,12.5,25.6,17,3,5
10.668,2026-05-28 17:00:00,12.6,25.6,17,3,5
9.424,2026-05-28 18:00:00,12.5,25.9,18,3,5
9.424,2026-05-28 18:00:00,12.4,25.9,18,3,5
8.8,2026-05-28 19:00:00,12.3,23.0,19,3,5
5.447,2026-05-28 20:00:00,11.8,23.0,20,3,5
1.546,2026-05-28 21:00:00,11.2,22.7,21,3,5
1.546,2026-05-28 21:00:00,11.3,22.7,21,3,5
1.49,2026-05-28 22:00:00,10.5,22.0,22,3,5
1.49,2026-05-28 22:00:00,10.6,22.0,22,3,5
1.457,2026-05-28 23:00:00,10.1,20.5,23,3,5
1.282,2026-05-29 00:00:00,9.8,22.7,0,4,5
1.457,2026-05-29 01:00:00,9.4,20.5,1,4,5
2.51,2026-05-29 02:00:00,9.2,19.1,2,4,5
2.51,2026-05-29 02:00:00,9.1,19.1,2,4,5
4.826,2026-05-29 03:00:00,9.4,16.9,3,4,5
4.826,2026-05-29 03:00:00,9.3,16.9,3,4,5
5.66,2026-05-29 04:00:00,10.1,18.4,4,4,5
5.991,2026-05-29 05:00:00,11.3,19.1,5,4,5
5.486,2026-05-29 06:00:00,12.6,20.5,6,4,5
5.008,2026-05-29 07:00:00,13.8,24.8,7,4,5
2.524,2026-05-29 08:00:00,14.7,24.5,8,4,5
1.179,2026-05-29 09:00:00,15.7,24.1,9,4,5
1.179,2026-05-29 09:00:00,15.6,24.1,9,4,5
1.185,2026-05-29 10:00:00,16.3,23.8,10,4,5
1.063,2026-05-29 11:00:00,17.0,24.5,11,4,5
1.063,2026-05-29 11:00:00,17.1,24.5,11,4,5
1.012,2026-05-29 12:00:00,17.6,23.8,12,4,5
1.617,2026-05-29 13:00:00,17.6,22.0,13,4,5
1.617,2026-05-29 13:00:00,17.5,22.0,13,4,5
5.164,2026-05-29 14:00:00,17.8,22.0,14,4,5
5.164,2026-05-29 14:00:00,17.7,22.0,14,4,5
7.522,2026-05-29 15:00:00,18.1,22.0,15,4,5
7.522,2026-05-29 15:00:00,17.9,22.0,15,4,5
10.155,2026-05-29 16:00:00,17.8,19.8,16,4,5
10.155,2026-05-29 16:00:00,17.7,19.8,16,4,5
13.742,2026-05-29 17:00:00,17.1,18.4,17,4,5
13.742,2026-05-29 17:00:00,17.3,18.4,17,4,5
12.55,2026-05-29 18:00:00,16.3,18.4,18,4,5
12.55,2026-05-29 18:00:00,16.2,18.4,18,4,5
12.56,2026-05-29 19:00:00,14.8,9.7,19,4,5
12.56,2026-05-29 19:00:00,14.9,9.7,19,4,5
11.959,2026-05-29 20:00:00,13.4,11.5,20,4,5
6.934,2026-05-29 21:00:00,12.4,11.9,21,4,5
10.044,2026-05-29 22:00:00,12.6,11.2,22,4,5
7.106,2026-05-29 23:00:00,11.5,8.6,23,4,5
6.276,2026-05-30 00:00:00,10.8,5.0,0,5,5
5.698,2026-05-30 01:00:00,10.1,2.2,1,5,5
4.551,2026-05-30 02:00:00,9.6,4.3,2,5,5
5.89,2026-05-30 03:00:00,9.7,7.6,3,5,5
6.429,2026-05-30 04:00:00,10.2,7.9,4,5,5
7.458,2026-05-30 05:00:00,11.4,9.4,5,5,5
8.001,2026-05-30 06:00:00,13.5,12.2,6,5,5
4.717,2026-05-30 07:00:00,15.3,15.1,7,5,5
2.715,2026-05-30 08:00:00,16.6,17.3,8,5,5
2.736,2026-05-30 09:00:00,17.5,18.7,9,5,5
2.825,2026-05-30 10:00:00,18.0,19.8,10,5,5
2.753,2026-05-30 11:00:00,19.4,20.5,11,5,5
2.705,2026-05-30 12:00:00,20.3,20.5,12,5,5
2.767,2026-05-30 13:00:00,21.1,18.7,13,5,5
3.119,2026-05-30 14:00:00,21.8,15.1,14,5,5
7.471,2026-05-30 15:00:00,21.8,15.1,15,5,5
11.392,2026-05-30 16:00:00,21.5,14.0,16,5,5
13.093,2026-05-30 17:00:00,20.7,13.3,17,5,5
9.857,2026-05-30 18:00:00,20.5,12.6,18,5,5
8.477,2026-05-30 19:00:00,19.6,11.5,19,5,5
5.324,2026-05-30 20:00:00,18.7,10.4,20,5,5
4.91,2026-05-30 21:00:00,18.3,8.3,21,5,5
7.422,2026-05-30 22:00:00,17.8,9.0,22,5,5
7.715,2026-05-30 23:00:00,17.0,7.9,23,5,5
7.713,2026-05-31 00:00:00,15.0,10.4,0,6,5
7.713,2026-05-31 01:00:00,13.9,11.5,1,6,5
7.761,2026-05-31 02:00:00,13.1,10.1,2,6,5
7.984,2026-05-31 03:00:00,12.3,9.4,3,6,5
8.474,2026-05-31 04:00:00,11.8,9.0,4,6,5
9.96,2026-05-31 05:00:00,11.7,9.4,5,6,5
9.831,2026-05-31 06:00:00,11.8,7.9,6,6,5
6.867,2026-05-31 07:00:00,11.8,7.6,7,6,5
4.789,2026-05-31 08:00:00,11.7,7.6,8,6,5
4.831,2026-05-31 09:00:00,11.9,6.5,9,6,5
4.816,2026-05-31 10:00:00,12.6,6.8,10,6,5
4.875,2026-05-31 11:00:00,12.9,6.1,11,6,5
4.892,2026-05-31 12:00:00,13.8,4.3,12,6,5
5.111,2026-05-31 13:00:00,14.4,4.0,13,6,5
6.705,2026-05-31 14:00:00,14.7,4.3,14,6,5
11.213,2026-05-31 15:00:00,14.9,5.0,15,6,5
13.428,2026-05-31 16:00:00,14.9,5.8,16,6,5
13.692,2026-05-31 17:00:00,14.5,4.0,17,6,5
13.566,2026-05-31 18:00:00,14.3,3.6,18,6,5
13.541,2026-05-31 19:00:00,14.1,6.1,19,6,5
12.482,2026-05-31 20:00:00,13.8,9.7,20,6,5
8.108,2026-05-31 21:00:00,13.4,9.0,21,6,5
